{
  "model_family": "classification",
  "model_name": "RandomForestClassifier",
  "val_f1": 0.8318447555986237,
  "val_accuracy": 0.8323277017967283,
  "val_precision": 0.831378703398949,
  "val_recall": 0.8323277017967283,
  "f1": 0.8418026620761125,
  "accuracy": 0.8411102172164119,
  "precision": 0.84252886931441,
  "recall": 0.8411102172164119,
  "test_f1": 0.8418026620761125,
  "test_accuracy": 0.8411102172164119,
  "test_precision": 0.84252886931441,
  "test_recall": 0.8411102172164119,
  "train_rows": 105187,
  "val_rows": 14916,
  "test_rows": 14916
}