{
  "model_family": "classification",
  "model_name": "DecisionTreeClassifier",
  "val_f1": 0.8258330875486233,
  "val_accuracy": 0.8291767229820327,
  "val_precision": 0.8232003143054181,
  "val_recall": 0.8291767229820327,
  "f1": 0.8360102889295835,
  "accuracy": 0.8380262805041566,
  "precision": 0.8342454440732954,
  "recall": 0.8380262805041566,
  "test_f1": 0.8360102889295835,
  "test_accuracy": 0.8380262805041566,
  "test_precision": 0.8342454440732954,
  "test_recall": 0.8380262805041566,
  "train_rows": 105187,
  "val_rows": 14916,
  "test_rows": 14916
}