{
  "model_family": "classification",
  "model_name": "GBTClassifier",
  "val_f1": 0.849412854929085,
  "val_accuracy": 0.8545856798069188,
  "val_precision": 0.8466685088579837,
  "val_recall": 0.8545856798069187,
  "f1": 0.8597954729929868,
  "accuracy": 0.863703405738804,
  "precision": 0.8572780188033552,
  "recall": 0.863703405738804,
  "test_f1": 0.8597954729929868,
  "test_accuracy": 0.863703405738804,
  "test_precision": 0.8572780188033552,
  "test_recall": 0.863703405738804,
  "train_rows": 105187,
  "val_rows": 14916,
  "test_rows": 14916
}