{
  "model_family": "recommendation",
  "model_name": "ALS",
  "val_rmse": 1.1996528124934045,
  "rmse": 1.2206840082838883,
  "test_rmse": 1.2206840082838883,
  "train_rows": 71277,
  "val_rows": 15368,
  "test_rows": 15342,
  "val_eval_ready": true,
  "test_eval_ready": true,
  "val_eval_rows": 8453,
  "test_eval_rows": 8674,
  "precision_at_k": 9.444654325651709e-06,
  "recall_at_k": 9.444654325651681e-05,
  "map_at_k": 1.8889308651303417e-05,
  "ndcg_at_k": 3.653691039238209e-05,
  "ranking_eval_rows": 10588,
  "ranking_k": 10
}