{
  "model_family": "regression",
  "model_name": "LinearRegression",
  "val_rmse": 195.5139892487761,
  "val_mae": 97.89827513841169,
  "val_r2": 0.15354459175875768,
  "rmse": 202.1774859539779,
  "mae": 97.6402290062723,
  "r2": 0.15042694039845395,
  "test_rmse": 202.1774859539779,
  "test_mae": 97.6402290062723,
  "test_r2": 0.15042694039845395,
  "train_rows": 69294,
  "val_rows": 14611,
  "test_rows": 14761
}