maxIter,cv_avg_accuracy
10,0.7714802330648376
20,0.7714802330648376
30,0.7714802330648376
