numTrees,maxBins,cv_avg_accuracy
10,16,0.7714802330648376
10,32,0.7714802330648376
50,16,0.7714802330648376
50,32,0.7714802330648376
